{
  "project_info": {
    "project_number": "695989449198",
    "firebase_url": "https://yolo-f4baf.firebaseio.com",
    "project_id": "yolo-f4baf",
    "storage_bucket": "yolo-f4baf.appspot.com"
  },
  "client": [
    {
      "client_info": {
        "mobilesdk_app_id": "1:695989449198:android:b39abab45a48b08a3edeff",
        "android_client_info": {
          "package_name": "com.example.flutter_app"
        }
      },
      "oauth_client": [
        {
          "client_id": "695989449198-0ggnaljrt57u832uflp2405k9do06u2i.apps.googleusercontent.com",
          "client_type": 3
        }
      ],
      "api_key": [
        {
          "current_key": "AIzaSyBp5Xh7VGwWQUx3bkQrck33ngmiQn2Xq2w"
        }
      ],
      "services": {
        "appinvite_service": {
          "other_platform_oauth_client": [
            {
              "client_id": "695989449198-0ggnaljrt57u832uflp2405k9do06u2i.apps.googleusercontent.com",
              "client_type": 3
            }
          ]
        }
      }
    }
  ],
  "configuration_version": "1"
}